subject_id,hadm_id,stay_id,los_category,predicted_los_category,prob_class_0,prob_class_1,prob_class_2
1000,10000,100000,1,2,0.050052500119881646,0.1830296018191567,0.7669178980609617
1005,10050,100500,1,2,0.013908590050141991,0.1664279532031444,0.8196634567467136
1012,10120,101200,2,1,0.39311235368962255,0.40893394001109507,0.1979537062992824
1013,10130,101300,1,0,0.6908342702644836,0.2914078255370513,0.017757904198465124
1033,10330,103300,1,2,0.01389890114581197,0.16700863030876614,0.819092468545422
1036,10360,103600,0,0,0.5641581585686138,0.4220388242294827,0.01380301720190345
1036,10361,103601,1,0,0.5641581585686138,0.4220388242294827,0.01380301720190345
1045,10450,104500,2,2,0.012308883812197342,0.2623018267036152,0.7253892894841876
1048,10480,104800,1,2,0.050052500119881646,0.1830296018191567,0.7669178980609617
1054,10540,105400,0,0,0.7768962433417546,0.2040957674125556,0.019007989245689857
